{"rewards": [5.0, -5.0, -5.0, 5.0, 5.0, 5.0, -5.0, 5.0, 5.0, 5.0], "errors": [6.655167334113088e-05, 0.7027795614540306, 0.020837935812963115, 2.3079160782923935e-05, 0.000358959307306117, 0.00047872238901880415, 0.6101430687964096, 3.780389579510768e-05, 0.000800613937997241, 4.5810940590751414e-05], "actions": [14.0, 10.0, 20.0, 19.0, 17.0, 20.0, 6.0, 21.0, 14.0, 21.0], "time": [2.5546345710754395, 4.193721294403076, 4.129867315292358, 1.8457045555114746, 2.077237606048584, 1.8544175624847412, 2.3675014972686768, 0.9547076225280762, 1.6508841514587402, 1.415440320968628], "loss": [2.6697798786372093, 2.567620650226353, 2.5966202747557885, 6.474770229889308, 6.497824834356918, 12.507523203698788, 3.263191224950617, 4.171664540516557, 3.3837447759951225, 6.443188697097172], "nfev": [0.0, 0.0, 0.0, 0.0, 0.0, 0.0, 0.0, 0.0, 0.0, 0.0]}