{"rewards": [5.0, 5.0, 5.0, 5.0, 5.0, -5.0, 5.0, -5.0, -5.0, 5.0, 5.0, -5.0, -5.0, 5.0, -5.0, -5.0, -5.0, -5.0, 5.0, -5.0, 5.0, 5.0, 5.0, -5.0, -5.0, 5.0, 5.0, 5.0, -5.0, 5.0, -5.0, 5.0, -5.0, -5.0, -5.0, 5.0, 5.0, -5.0, 5.0, 5.0, 5.0, 5.0, 5.0, -5.0, 5.0, 5.0, -5.0, 5.0, -5.0, -5.0, 5.0, -5.0, 5.0, 5.0, 5.0, 5.0, -5.0, -5.0, 5.0, 5.0, -5.0, 5.0, -5.0, -5.0, 5.0, -5.0, -5.0, 5.0, 5.0, 5.0, -5.0, -5.0, 5.0, 5.0, 5.0, 5.0, -5.0, -5.0, 5.0, -5.0, -5.0, -5.0, 5.0, -5.0, 5.0, 5.0, -5.0, -5.0, -5.0, 5.0, 5.0, -5.0, -5.0, 5.0, 5.0, 5.0, 5.0, 5.0, -5.0, 5.0], "errors": [1.319439905822506e-05, 0.0006452606899289837, 0.00011441232450626337, 0.0005932541742910136, 0.00035492598245090434, 0.022465457303336045, 0.001069446796622131, 0.02061579926743251, 0.5983384313895475, 0.0007392748951944306, 1.054891691332216e-06, 0.03433894315701225, 0.5989464241849748, 0.0001099836477491678, 0.0020508323862804545, 0.5992263761041391, 0.5988009596408984, 0.005830572535291845, 0.00018156914722311512, 0.020670732155999127, 1.0916650876602318e-06, 0.00026401463661240854, 0.0009199227808873722, 0.022611674560162998, 0.08281556346264463, 0.00021112593767957932, 0.00011406995685447896, 2.758160004834309e-07, 0.5983387129402645, 0.0014455762213219092, 0.6921495821790287, 0.0007978648625717177, 0.5983435685468159, 0.02061240213960258, 0.020612389637750805, 0.0004882558709295992, 0.0009262275811499077, 0.32679588891557765, 6.013927933423702e-08, 9.368412301169471e-05, 0.0006694324741116642, 0.00022871214166197973, 5.831693181290731e-05, 0.03803851220233634, 5.416927771006996e-05, 0.0005126190004745013, 0.036616979003203376, 0.0015213759340810817, 0.5972031785190474, 0.5992735497497287, 0.0001879713619266088, 0.6001803539044114, 0.0004186357342550462, 0.0002397464293457663, 2.4349873822382406e-05, 1.3255493486630243e-05, 0.021805456959551828, 0.5986786550188015, 0.0008880385710856586, 0.00023263158376929383, 0.6896815082213223, 0.0004054849432260088, 0.6003058362873891, 0.023571954862805278, 0.0012064528700665988, 0.6049154490507265, 0.009531469071983656, 3.0425227544039757e-06, 0.000835857302612597, 2.671332594639253e-05, 0.6896007316470233, 0.6896912893956062, 1.4763866255762537e-05, 4.2253969741778974e-05, 2.1339220064309217e-06, 0.0005710793649349455, 0.027900360271230662, 0.599057282406882, 0.0006274268420032314, 0.020157544195519073, 0.3244705157831307, 0.04196571823013584, 0.0002196989378013825, 0.04236867446286885, 0.00016112079468144636, 4.6927988857081715e-06, 0.004069082683560321, 0.05565123739445643, 0.6059096188148009, 0.0014582134629685939, 0.0011908954523167647, 0.6899363665326443, 0.6897070348024641, 0.00014832374626472244, 0.000345639827103561, 0.0012557240094799305, 1.7821264064465936e-07, 0.00030447262856059254, 0.5983628889583806, 0.0012293581146791688], "actions": [15.0, 23.0, 15.0, 22.0, 15.0, 20.0, 14.0, 13.0, 11.0, 12.0, 18.0, 5.0, 3.0, 21.0, 19.0, 2.0, 12.0, 15.0, 12.0, 2.0, 14.0, 13.0, 23.0, 13.0, 12.0, 20.0, 21.0, 17.0, 13.0, 14.0, 9.0, 20.0, 15.0, 15.0, 14.0, 23.0, 19.0, 0.0, 21.0, 20.0, 20.0, 19.0, 15.0, 5.0, 21.0, 20.0, 3.0, 22.0, 14.0, 22.0, 12.0, 6.0, 18.0, 23.0, 21.0, 22.0, 22.0, 5.0, 14.0, 17.0, 10.0, 22.0, 7.0, 21.0, 18.0, 6.0, 20.0, 18.0, 13.0, 12.0, 7.0, 10.0, 18.0, 22.0, 16.0, 12.0, 17.0, 13.0, 23.0, 16.0, 6.0, 3.0, 16.0, 19.0, 18.0, 16.0, 19.0, 22.0, 18.0, 17.0, 14.0, 7.0, 7.0, 12.0, 14.0, 22.0, 21.0, 16.0, 22.0, 12.0], "time": [3.0253396034240723, 2.7279064655303955, 3.4472970962524414, 2.074772357940674, 2.218364715576172, 2.407655715942383, 1.5866658687591553, 2.296459913253784, 2.149754524230957, 1.812413215637207, 1.2300288677215576, 2.4995810985565186, 2.2336909770965576, 1.8146710395812988, 2.251403570175171, 2.210581064224243, 2.265411615371704, 2.60642409324646, 2.645188093185425, 2.308255195617676, 1.2046639919281006, 1.3492200374603271, 1.9828965663909912, 2.313950538635254, 2.341841220855713, 1.101517677307129, 0.6758949756622314, 1.4707319736480713, 2.453936815261841, 0.9083521366119385, 2.4829134941101074, 0.9897973537445068, 2.4495794773101807, 2.298743724822998, 2.243135452270508, 1.1715483665466309, 2.261796712875366, 2.366312265396118, 0.7779526710510254, 1.2265243530273438, 1.0050625801086426, 1.8447039127349854, 1.1613712310791016, 2.49062180519104, 1.7249658107757568, 0.940460205078125, 2.49300217628479, 2.480508804321289, 2.6302661895751953, 2.4426233768463135, 1.2669928073883057, 2.5884735584259033, 1.7836394309997559, 1.1892659664154053, 1.3001317977905273, 1.860344409942627, 2.4756813049316406, 2.3704893589019775, 2.4202582836151123, 1.9428040981292725, 2.3191487789154053, 2.194101572036743, 2.334149122238159, 2.29618763923645, 2.14908766746521, 2.236974000930786, 2.1997814178466797, 1.3375723361968994, 1.651047945022583, 1.6816823482513428, 2.725332021713257, 2.7886619567871094, 0.9211902618408203, 1.1820452213287354, 1.6047534942626953, 2.1375155448913574, 2.1957714557647705, 2.1860737800598145, 0.7373292446136475, 2.263683557510376, 2.2557895183563232, 2.372040033340454, 2.2332756519317627, 2.3500380516052246, 2.371464729309082, 1.585634708404541, 2.7150769233703613, 2.370806932449341, 2.3880770206451416, 1.1635315418243408, 2.087857961654663, 2.27116322517395, 2.1549830436706543, 1.5796804428100586, 2.1314642429351807, 2.29410457611084, 0.973785400390625, 1.0035004615783691, 2.177124261856079, 1.8031032085418701], "loss": [4.175996310018897, 3.400023537308157, 3.391388873322187, 6.486646598893667, 4.322133612834768, 4.327965772543439, 6.493153370606036, 6.251727982340559, 6.240207639325004, 3.2427845493693797, 2.593328956165788, 12.497637828445896, 12.501472755660737, 12.51134040465579, 2.5983519058885616, 2.6119297106010375, 2.8225941168989133, 3.32413148878487, 4.1614310870006825, 3.3665115778494314, 12.505747119322047, 3.3737445827546453, 12.506547685305907, 2.7293257688581547, 4.348096432607572, 3.489632840750033, 2.5992919112461887, 2.586163196076266, 6.244043421364056, 2.879168693980343, 3.3623706830673914, 12.502642249890874, 12.501170293358548, 4.4821262143709655, 2.5969569540653845, 2.7105840691365106, 4.322713286050855, 6.250833615510723, 4.509139494725245, 2.603868705445778, 12.505223015249117, 2.5870816989284493, 4.34277605763839, 3.324242767036562, 4.183630022489685, 3.1340470171522443, 6.443778179467945, 2.7001327979000194, 4.334590963042344, 12.504418408382588, 2.5932542778561554, 3.2664394423604333, 2.5015225178466243, 12.505638135797899, 12.510806651301511, 3.3366464377273646, 2.6745206345146895, 2.6037281229047866, 4.154546808917778, 12.49805239548888, 3.3897280440533395, 3.408783100036398, 2.605365591339362, 4.3448433581926595, 6.415464119783971, 3.1357439952157713, 6.252474712998164, 3.122567444253906, 12.50980534784851, 4.325430239199339, 12.496664218856694, 4.16730769394061, 2.6871849180976386, 6.266216530007764, 2.496684391643667, 6.4825418510155925, 12.494231398499723, 3.1323060240671894, 6.508447440453039, 12.497031772475209, 2.7888846572607173, 12.500391115615193, 3.2337676464427667, 3.1316823984353976, 6.471685463666026, 6.255531496589266, 4.313652909229176, 12.492779214074295, 12.498150868783199, 6.275589437642186, 3.131846312350517, 2.7056985183676723, 12.498217597198789, 3.2205397864319703, 12.503293951622913, 6.370463021869986, 6.256749415843847, 2.6787949499123354, 12.496486944105662, 12.510955279652569], "nfev": [0.0, 0.0, 0.0, 0.0, 0.0, 0.0, 0.0, 0.0, 0.0, 0.0, 0.0, 0.0, 0.0, 0.0, 0.0, 0.0, 0.0, 0.0, 0.0, 0.0, 0.0, 0.0, 0.0, 0.0, 0.0, 0.0, 0.0, 0.0, 0.0, 0.0, 0.0, 0.0, 0.0, 0.0, 0.0, 0.0, 0.0, 0.0, 0.0, 0.0, 0.0, 0.0, 0.0, 0.0, 0.0, 0.0, 0.0, 0.0, 0.0, 0.0, 0.0, 0.0, 0.0, 0.0, 0.0, 0.0, 0.0, 0.0, 0.0, 0.0, 0.0, 0.0, 0.0, 0.0, 0.0, 0.0, 0.0, 0.0, 0.0, 0.0, 0.0, 0.0, 0.0, 0.0, 0.0, 0.0, 0.0, 0.0, 0.0, 0.0, 0.0, 0.0, 0.0, 0.0, 0.0, 0.0, 0.0, 0.0, 0.0, 0.0, 0.0, 0.0, 0.0, 0.0, 0.0, 0.0, 0.0, 0.0, 0.0, 0.0]}