{"0": {"rewards": [-0.0018035209504887462, -0.001366371987387538, 0.002341762650758028, -0.0024011938367038965, -0.0035324497148394585, -0.0007137294742278755, 0.004891352728009224, -0.0040311249904334545, 0.0020947519224137068, 0.005416801664978266, -0.005973793566226959, -0.0026993430219590664, 0.004609185736626387, -0.004611767828464508, 0.0024814854841679335, -0.0009945484343916178, 0.0004272573860362172, -0.0019597848877310753, 0.0005422041285783052, -0.0001562107354402542, -0.00024729641154408455, 3.5318542359163985e-05, 0.002940873382613063, -0.0026810646522790194, 0.001896583242341876, -0.0021607927046716213, -0.00012215117749292403, 0.0003105721843894571, 0.0036503623705357313, -0.003015489550307393, -3.275850394857116e-05, -0.0006449264474213123, 0.00709155760705471, -0.0024376639630645514, 0.013602470979094505, -0.018275151029229164, 5.578176933340728e-05, 0.00031847076024860144, -9.067229984793812e-05, -5.0], "actions": [5, 2, 3, 6, 4, 3, 2, 7, 0, 5, 4, 3, 7, 5, 0, 3, 0, 7, 6, 0, 1, 3, 0, 6, 5, 6, 3, 1, 6, 7, 5, 3, 4, 7, 3, 5, 0, 6, 1, 5], "errors": [0.38536105256460274, 0.38620087799740893, 0.3847635061355807, 0.3862408082498882, 0.3884088816957886, 0.388845392310273, 0.38585601965324345, 0.3883317108229571, 0.3870504175131089, 0.38373019117030227, 0.38741165964587504, 0.3890652457031226, 0.38624933402738254, 0.3890798096283008, 0.38756382005121026, 0.3881729175155508, 0.3879115098802183, 0.38911107164826003, 0.38877984515928643, 0.3888753243072483, 0.3890264532381711, 0.38900487454232757, 0.38720801522448617, 0.3888509502041143, 0.3876918551562295, 0.38901492614951966, 0.3890895586923461, 0.38889982689796293, 0.38666908976510006, 0.38851858270537376, 0.38853861392124256, 0.3889329615456972, 0.3845995444849747, 0.386099684027298, 0.3777491226572298, 0.3891208514546149, 0.3890867755344276, 0.38889221753350056, 0.3889476280823365, 0.38890655847990935], "time": [0.27587890625, 2.043584108352661, 2.0981931686401367, 2.164092779159546, 2.2266530990600586, 2.2968192100524902, 2.5291903018951416, 2.6050195693969727, 2.6806602478027344, 2.7829384803771973, 2.885256290435791, 3.1161038875579834, 3.252924919128418, 3.356006145477295, 3.4632015228271484, 3.619422197341919, 3.85498309135437, 3.965498208999634, 4.096094131469727, 4.209340810775757, 4.3246009349823, 4.536093711853027, 4.628262996673584, 4.709642171859741, 4.790179014205933, 4.887755632400513, 5.231464624404907, 5.365003824234009, 5.479590654373169, 5.592688798904419, 5.731912851333618, 5.997902154922485, 6.084905385971069, 6.170316457748413, 6.256015062332153, 6.342100381851196, 6.577786922454834, 6.6807310581207275, 6.7651286125183105, 6.847693920135498], "loss": 0.3149940042632722, "nfev": 0, "worker": "w02"}, "1": {"rewards": [0.0, 0.00016456321463920176, 0.007460032589733601, -0.0005506776506081223, -0.004936533980071545, -0.0013916456373408437, 0.0014575879322364926, 0.003489130875095725, 7.622262637596577e-05, -0.0050290049985051155, 0.004738849587738514, 0.018027909100055695, -0.021946972236037254, -0.0006983971106819808, 0.002762500662356615, 0.0036960297729820013, -0.0050183190032839775, 0.0033231412526220083, -0.004770384170114994, 0.001163654844276607, -0.0011436332715675235, 0.0005366604309529066, 0.012794016860425472, -0.011176122352480888, 0.005840163212269545, -0.005126345437020063, -0.0029058910440653563, 0.0014709488023072481, 0.0005802855594083667, 1.7518537788419053e-05, 0.013350007124245167, -0.013229322619736195, -0.0009671044535934925, 0.0071555026806890965, -0.008243780583143234, 0.011920972727239132, -0.011482921428978443, 9.264810796594247e-05, 0.002506083343178034, -5.0], "actions": [1, 2, 7, 0, 4, 6, 5, 0, 3, 7, 0, 2, 3, 7, 6, 1, 6, 2, 7, 0, 2, 7, 6, 1, 3, 7, 6, 4, 0, 4, 0, 5, 3, 7, 0, 2, 3, 5, 2, 3], "errors": [0.46999351104621123, 0.46990629147749097, 0.46595177506629354, 0.4662458634893242, 0.46888075903586596, 0.4696198888084029, 0.46884681317597976, 0.4669935502500319, 0.46695292310012704, 0.46963361946439947, 0.46712029301873575, 0.4575135863659471, 0.46941952078126714, 0.46979007666059264, 0.4683253713752257, 0.46636028617237524, 0.4690382604963306, 0.467273799683663, 0.4698151084031721, 0.46919815617303934, 0.46980519880056115, 0.46952066423417776, 0.46273370265994357, 0.4687382566947205, 0.4656356014644282, 0.4683749378692135, 0.4699197824119412, 0.4691400615598619, 0.46883201120367973, 0.46882270591753356, 0.46173148547558507, 0.46885241306203657, 0.46936608824894877, 0.46556913588019766, 0.4699748668656018, 0.463656451500527, 0.46981524250152507, 0.4697661218849997, 0.4684373116085701, 0.4596798579261377], "time": [0.4915478229522705, 2.2253811359405518, 2.289757251739502, 2.3436200618743896, 2.4181737899780273, 2.489997148513794, 2.709174394607544, 2.77113938331604, 2.842412233352661, 2.9200072288513184, 3.0165164470672607, 3.23950457572937, 3.3436875343322754, 3.4673256874084473, 3.628307580947876, 3.7500557899475098, 3.985779047012329, 4.060972213745117, 4.167447566986084, 4.286629676818848, 4.419330835342407, 4.683187007904053, 4.804356098175049, 4.923822641372681, 5.036523342132568, 5.206876516342163, 5.489797592163086, 5.601024389266968, 5.709702968597412, 5.819334506988525, 5.950222015380859, 6.250394105911255, 6.367684364318848, 6.485736131668091, 6.605385065078735, 6.72841477394104, 7.014582872390747, 7.134931325912476, 7.2543556690216064, 7.3788230419158936], "loss": 0.3164970845308649, "nfev": 0, "worker": "w01"}, "2": {"rewards": [0.0, 0.00022097166220191866, 0.0027359132654964924, 0.0018600278999656439, -0.0005608501378446817, -0.004062254913151264, 0.007041646167635918, -0.008113616146147251, -1.683830873844272e-06, 0.0003823264851234853, 0.009204591624438763, -0.006103177089244127, -0.003130050376057625, 0.01529314462095499, -0.014241334982216358, 0.0006153089925646782, 0.007310708053410053, -0.008366935886442661, 0.0006312304176390171, 0.03772323578596115, -0.03769779950380325, 0.0022274265065789223, 0.008367295376956463, -0.008824105374515057, -0.0015458614798262715, 0.008041669614613056, -0.007970419712364674, 0.002487472491338849, -0.0024330359883606434, -0.0002003145491471514, 0.00980258360505104, -0.009347674436867237, 0.0015702616656199098, -0.0017239003209397197, 0.010648899711668491, -0.0076193115673959255, 0.0002477233356330544, 0.009518256410956383, 0.026554971933364868, -5.0], "actions": [1, 5, 2, 3, 1, 2, 5, 4, 2, 0, 5, 7, 2, 5, 7, 4, 2, 1, 4, 5, 7, 1, 3, 7, 5, 1, 3, 1, 5, 4, 3, 7, 0, 5, 4, 1, 3, 0, 1, 3], "errors": [0.6245373152873306, 0.6244543486746627, 0.6234268883324163, 0.622726451824733, 0.6229380457530617, 0.6244697675008014, 0.6218254165557949, 0.6248937799840837, 0.6248944115995284, 0.6247509987991609, 0.6212969850230401, 0.6236082765495913, 0.6247864015807423, 0.6190482056939409, 0.6244734677950065, 0.624242402938401, 0.6214953488115871, 0.6246622729707744, 0.6244253483823766, 0.6102574574638784, 0.6249498941453829, 0.6241144976400204, 0.6209693524867378, 0.6243139589887015, 0.6248947175701631, 0.6218782448145436, 0.6248920339539831, 0.6239589632097843, 0.6248738845955981, 0.6249490278146715, 0.6212725591524378, 0.6248127800730644, 0.6242236379606136, 0.6248714389630069, 0.6208767324890093, 0.6237653907643274, 0.6236721886687481, 0.6200902041628554, 0.6100017104005213, 0.6249138415791469],